"Series","GBPUSD Spot 3m 5m"
"Signal","OGMA"
"Generations","0"
"Ending","target accuracy was reached"
"Best Strategy","1000001001011001001100001100001000010011010000101111000011000000	","Accuracy","0.994898495845"
"Unique Strats","10000"
"0","0.499129630798","0.994898495845","0.00504891132849"
