"Series","GBPUSD Spot 3y 1d"
"Signal","OLMI"
"Generations","0"
"Ending","target accuracy was reached"
"Best Strategy","1010001000100010001101001010000011100101101110001001011011000000	","Accuracy","0.993556701031"
"Unique Strats","10000"
"0","0.489567525773","0.993556701031","0.00644329896907"
